cntry,inctxff,cflsenr,ownrdcc,lklmten,lkredcc,gvsrdcc,ccrdprs,wrclmch,clmthgt1,ppltrst,pplfair,pplhlp,trstplc,trstlgl,trstprt,trstprl,trstplt,impen,year,country,energy,motor_vehicles_and_transport,pol_trust,ajr_settmort,al_ethnic,al_language,al_religion,atop_ally,atop_number,bci_bci,bicc_gmi,biu_offrel,bl_asyf,bl_asym,bl_asymf,bmr_dem,bmr_demdur,cai_cai2,ccp_cc,ccp_childwrk,ccp_equal,ccp_freerel,ccp_slave,ccp_strike,chga_demo,ciri_assn,ciri_dommov,ciri_formov,ciri_injud,ciri_physint,ciri_polpris,ciri_relfre_new,ciri_speech,ciri_tort,cpds_enps,cpds_enpv,cpds_la,cpds_lall,cpds_lcom,cpds_lcon,cpds_le,cpds_lfe,cpds_lg,cpds_ll,cpds_lls,cpds_lmo,cpds_lnl,cpds_lo,cpds_lp,cpds_lpc,cpds_lpen,cpds_lper,cpds_lr,cpds_lreg,cpds_lrel,cpds_ls,cpds_tg,cpds_vt,cspf_sfi,diat_ti,dpi_cemo,dpi_checks,dpi_cl,dpi_dhondt,dpi_gf,dpi_gprlc1,dpi_gpvs1,dpi_gvs,dpi_plurality,dpi_polariz,dpi_pr,dpi_pvfr,dpi_system,dpi_tf,dpi_thresh,dpi_vslop1,dr_eg,dr_ig,dr_pg,dr_sg,ef_ef,ffp_ext,ffp_fsi,ffp_hf,ffp_hr,ffp_ps,ffp_ref,ffp_sec,ffp_sl,ffp_ued,fh_aor,fh_cl,fh_ep,fh_feb,fh_fog,fh_ipolity2,fh_pair,fh_pr,fh_rol,fh_status,fhp_score5,fhp_status5,fi_ftradeint,fi_index,gd_ptsa,gii_gii,gle_cgdpc,gle_exp,gle_gdp,gle_imp,gle_pop,gle_rgdpc,gle_trade,gol_enep,gol_est,gol_est_spec,gol_pr,gwf_regimetype,h_j,hf_efiscore,hf_financ,hf_invest,hf_labor,hf_prights,ht_colonial,ht_region,ht_regtype,ht_regtype1,iaep_bp,iaep_cc,iaep_epmf,iaep_es,iaep_osp,iaep_ufs,icrg_qog,ihme_lifexp_allt,iiag_be,iiag_edu,iiag_gov,iiag_hd,iiag_he,iiag_inf,iiag_ns,iiag_phr,iiag_rol,iiag_srol,iiag_wel,ipu_l_sw,ipu_u_sw,jw_bicameral,lp_lat_abst,lp_legor,mad_gdppc,mad_gdppc1900,nelda_mbbe,nelda_mtop,nelda_oa,nelda_rpae,no_ef,no_ufs,p_durable,p_polity2,pwt_hci,pwt_pop,ross_gas_value_2014,ross_oil_value_2014,rsf_pfi,sc_pcov,sc_penagef,sc_penagem,sc_pgen,sc_sickcov,sc_sickdur,sc_skgen,sc_tgen,sc_uecov,sc_uegen,shec_se,top_top10_income_share,top_top1_income_share,undp_hdi,van_index,vdem_corr,vdem_delibdem,vdem_egaldem,vdem_gender,vdem_libdem,vdem_mecorrpt,vdem_partipdem,vdem_polyarchy,vi_rsg,vi_rsm,vi_udr,vi_wcoord,voh_gti,wbgi_cce,wbgi_gee,wbgi_pve,wbgi_rle,wdi_acel,wdi_acelr,wdi_acelu,wdi_afp,wdi_agedr,wdi_ane,wdi_araland,wdi_area,wdi_armexp,wdi_armimp,wdi_birth,wdi_broadb,wdi_busden,wdi_co2,wdi_death,wdi_debt,wdi_eduprp,wdi_eduprs,wdi_elerenew,wdi_elprodcoal,wdi_elprodgas,wdi_elprodhyd,wdi_elprodnuc,wdi_elprodoil,wdi_emp,wdi_empagr,wdi_empagrf,wdi_empagrm,wdi_empind,wdi_empindf,wdi_empindm,wdi_empser,wdi_empserf,wdi_empserm,wdi_eneimp,wdi_expedu,wdi_expeduge,wdi_expedup,wdi_expedus,wdi_expedut,wdi_expmil,wdi_fdiin,wdi_fdiout,wdi_fertility,wdi_forest,wdi_fossil,wdi_gdpagr,wdi_gdpcapcon2010,wdi_gdpcappppcon2011,wdi_gdpind,wdi_gerp,wdi_gerpp,wdi_gers,wdi_gert,wdi_homicides,wdi_internet,wdi_lfpf,wdi_lifexp,wdi_lifexpf,wdi_lifexpm,wdi_migration,wdi_nerp,wdi_ners,wdi_pop,wdi_pop14,wdi_pop1564,wdi_pop65,wdi_popden,wdi_poprul,wdi_popurb,wdi_refasy,wdi_refori,wdi_semp,wdi_spr,wdi_tacpsr,wdi_taxrev,wdi_tele,wdi_trade,wdi_unempfilo,wdi_unempilo,wdi_unempmilo,wdi_unempyfilo,wdi_unempyilo,wdi_unempymilo,wdi_wip,who_sanittot,whr_hap,wr_regtype
AT,3.2320887991927343,5.808651399491094,4.89029535864979,4.11922268907563,5.613410162388686,4.144584647739222,5.918495297805643,3.0437017994858615,2.0277777777777777,5.367529880478088,5.958624127617148,5.504230960676954,7.0409181636726546,6.27755511022044,3.808136614766449,4.954109934442763,3.878134403209629,2.164747120681022,2016,Austria,643.9678731203,516.60634459114,4.215553778,NA,0.1067761823104126,0.1521865999999999,0.4146217,1,2,26.119724,572.57,NA,NA,NA,NA,NA,NA,NA,NA,NA,NA,NA,NA,NA,NA,NA,NA,NA,NA,NA,NA,NA,NA,NA,4.590778045063079,5.158095631093,0,0,0,0,0,0,13.1,10.9,0,0,0,0,0,0,0,0,21.9,0,25.700001,28.4,2,74.1,0,NA,0,4,1,1,0.50381362,3,26.82,50.809998,0,2,1,NA,2,0.78853059,4,20.51,NA,NA,NA,NA,NA,1.2,27.7,1.5,1.2,1.1,5.6,1,1.4,2.9,12,1,12,16,10,10,15,1,15,1,22,1,NA,NA,1,0.884,NA,NA,NA,NA,NA,NA,NA,5.149357,2,9,12,NA,1,71.7,70,90,72.5,90,0,5,NA,NA,NA,NA,NA,NA,NA,NA,0.91666669,81.536865,NA,NA,NA,NA,NA,NA,NA,NA,NA,NA,NA,30.6,29.5,NA,0.5244445,4,45010,3122,NA,NA,NA,NA,NA,NA,70,10,NA,NA,NA,NA,13.47,NA,NA,NA,NA,NA,NA,NA,NA,NA,NA,NA,NA,NA,0.90600002,NA,0.0602072704272526,0.7671241609720381,0.7550351209878554,0.9481111850133249,0.7812050936558433,3.782229933682332,0.6452711662491107,0.8532353592177074,NA,NA,NA,NA,1.522,1.5484771,1.5122353,0.90963876,1.8150015,100,100,100,0.493914597315177,49.5298368459148,NA,NA,82523,15000000,13000000,10,28.9630431661026,0.595666297009536,NA,9.2,NA,6.23875999450684,10.3830795288086,NA,NA,NA,NA,NA,NA,4.55999994277954,4.34800004959106,3.92899990081787,4.71999979019165,25.5629997253418,11.9840002059937,37.5880012512207,70.088996887207,84.0879974365234,57.6920013427734,NA,NA,NA,NA,NA,NA,0.747000091600257,-7.66336096729233,-7.32537674811396,1.49,NA,NA,1.10158899771897,48077.8783610298,44464.3502683082,24.7109938009083,102.264358520508,104.223541259766,100.963020324707,83.4552764892578,0.655219649857976,84.3233312921004,46.7299876940296,80.890243902439,83.4,78.5,NA,NA,NA,8736668,14.0962544551354,66.8762899389668,19.0274556058978,105.869490929801,42.095,57.905,93182,NA,12.75,NA,NA,25.6665724682797,40.9451779741297,101.167012721198,5.53599977493286,6.01000022888184,6.42600011825562,10.2220001220703,11.2449998855591,12.1260004043579,30.6,NA,7.04807186126709,NA
BE,3.2460227272727273,6.5773371104815865,4.896393817973669,4.3436426116838485,5.8075601374570445,4.696449026345934,5.988551803091013,3.1829616923956547,1.8,5.246319365798414,5.869195922989808,4.714043035107588,6.4067988668555245,5.322342239909039,4.038176638176639,4.791189931350115,4.125071063104036,2.1255681818181817,2016,Belgium,557.25388394409,283.12642383701,4.833870203,NA,0.5554,0.5408843999999999,0.2126811,1,3,21.769665,549.78,NA,NA,NA,NA,NA,NA,NA,NA,NA,NA,NA,NA,NA,NA,NA,NA,NA,NA,NA,NA,NA,NA,NA,7.844060085500257,9.700732405296602,0,0,0,0,22,0,8,22.6,1.3,0,0,2.0999999,0,0,0,0,2,0,18,24,3,89.4,2,NA,0,4,1,1,0.73053217,0,9.6400003,51.290001,0,NA,1,NA,1,0.87567568,NA,11.67,NA,NA,NA,NA,NA,1,30.8,1.6,1.5,2.3,2.4,2.4,1.4,2.7,12,1,12,15,12,9.5,15,1,13,1,12,1,NA,NA,1,0.89899999,NA,NA,NA,NA,NA,NA,NA,9.447867,2,9,12,NA,1,68.4,70,85,60.5,80,0,5,NA,NA,NA,NA,NA,NA,NA,NA,0.8611111,80.913124,NA,NA,NA,NA,NA,NA,NA,NA,NA,NA,NA,39.3,50,NA,0.5611111,2,39733,5950,NA,NA,NA,NA,NA,NA,72,8,NA,NA,NA,NA,12.75,NA,NA,NA,NA,NA,NA,NA,NA,NA,NA,NA,NA,NA,0.91500002,NA,0.0293486346890599,0.8005923136812529,0.7986741187562214,0.92604563505489,0.7985758054351131,3.870950743044554,0.624555994228825,0.8757183050181916,NA,NA,NA,NA,4.656,1.6386434,1.3265402,0.4413673,1.3909943,100,100,100,0.6753621879497,54.7983939052332,NA,NA,30280,7000000,4000000,10.8,37.5961129664717,3.72032972869501,NA,9.5,NA,NA,NA,NA,NA,NA,NA,NA,NA,4.16800022125244,1.25100004673004,0.754000008106232,1.67599999904633,21.2630004882813,8.17099952697754,32.443000793457,77.4860000610352,91.0749969482422,65.8809967041016,NA,NA,NA,NA,NA,NA,0.925260488934112,7.9164959229974,6.14270247407187,1.7,NA,NA,0.61749191345839,45457.8993419591,42083.6443038217,19.7909233893634,NA,NA,NA,NA,NA,86.5165,45.925148289955,80.9926829268293,83.4,78.7,NA,NA,NA,11331422,17.0312418699887,64.6001511307203,18.368606999291,374.221334214003,2.081,97.919,42128,44,14.8739995956421,NA,NA,23.1360261343397,38.4830881237543,164.544702629143,7.55999994277954,7.82999992370605,8.0600004196167,18.1219997406006,20.0900001525879,21.6979999542236,39.3,NA,6.948936462402344,NA
CH,2.7834566240753196,6.828571428571429,4.95112016293279,4.006081081081081,5.949556918882072,4.2459128065395095,6.861372812920592,3.1188251001335114,3.1499999999999995,5.986220472440945,6.426692965154504,5.78397898883782,7.235023041474654,6.6291834002677374,5.233926128590971,6.319047619047618,5.370270270270271,1.946017116524029,2016,Switzerland,472.02069955803,371.19407880718,5.542046426,NA,0.5314,0.544095,0.6083014,1,2,13.347012,624.77,NA,NA,NA,NA,NA,NA,NA,NA,NA,NA,NA,NA,NA,NA,NA,NA,NA,NA,NA,NA,NA,NA,NA,4.898359049718343,5.841019141019725,0,0,0,3.5,0,0,9,16.5,0,0,0,3,0,0,0,0,32.5,0,14,21.5,3,48.5,1,NA,0,3,0,0,0.75152707,1,NA,0,1,NA,1,NA,2,0.80599666,0,NA,NA,NA,NA,NA,NA,1,21.1,2.1,1.8,1,2.5,1.1,1,2.2,12,1,12,15,12,10,15,1,15,1,13,1,NA,NA,1,0.917,NA,NA,NA,NA,NA,NA,NA,5.772872,2,9,17,NA,1,81,80,85,72.1,90,0,5,NA,NA,NA,NA,NA,NA,NA,NA,0.8888889,83.176765,NA,NA,NA,NA,NA,NA,NA,NA,NA,NA,NA,32,15.2,NA,0.5222222,4,61844,5124,NA,NA,NA,NA,NA,NA,168,10,NA,NA,NA,NA,12.13,NA,NA,NA,NA,NA,NA,NA,NA,NA,NA,NA,NA,NA,0.94300002,NA,0.019209346608985,0.8494330713222964,0.8182615889164415,0.9358380381237106,0.8349377785468826,3.707089036027937,0.7759106172045045,0.881613695356716,NA,NA,NA,NA,0.269,1.9882884,2.0089331,1.3062904,1.9475782,100,100,100,0.428428774789819,49.3821398765529,NA,NA,39516,186000000,64000000,10.5,44.9136184782698,4.30771833893952,NA,7.8,19.81057568757,5.6040301322937,12.0800399780273,NA,NA,NA,NA,NA,NA,6.00600004196167,3.36199998855591,2.85700011253357,3.80299997329712,20.5879993438721,9.88599967956543,29.9069995880127,76.0490036010742,87.2570037841797,66.2910003662109,NA,NA,NA,NA,NA,NA,0.683595231521235,9.04341679287233,12.647231419759,1.54,NA,NA,0.652610994733409,76682.6448002236,57421.5485009872,25.0097416589995,104.406616210938,104.786651611328,102.289932250977,57.8661117553711,0.536357442139488,89.1346877351392,46.5879993725921,82.8975609756098,85.1,80.8,NA,93.5381317138672,85.5976486206055,8373338,14.826549598839,66.9424032334258,18.2310471677352,211.8974086446,26.261,73.739,82608,NA,15.0830001831055,NA,NA,9.76821094216059,45.8628148291681,120.4002140529,5.01100015640259,4.92000007629395,4.84100008010864,8.39500045776367,8.57600021362305,8.7519998550415,32,NA,7.45851993560791,NA
CZ,3.3853591160220997,5.181818181818182,3.4738084001887684,3.5425582501188777,4.767386091127098,4.876144578313253,3.344762799436355,2.7319347319347322,1.9836065573770494,5.049006622516556,5.362671384343211,4.8060954063604235,5.776106194690266,5.15665331553182,3.5349354695149087,4.3073825503355705,3.588627276765882,2.4226164079822614,2016,Czechia,NA,NA,NA,NA,NA,NA,NA,NA,NA,NA,NA,NA,NA,NA,NA,NA,NA,NA,NA,NA,NA,NA,NA,NA,NA,NA,NA,NA,NA,NA,NA,NA,NA,NA,NA,NA,NA,NA,NA,NA,NA,NA,NA,NA,NA,NA,NA,NA,NA,NA,NA,NA,NA,NA,NA,NA,NA,NA,NA,NA,NA,NA,NA,NA,NA,NA,NA,NA,NA,NA,NA,NA,NA,NA,NA,NA,NA,NA,NA,NA,NA,NA,NA,NA,NA,NA,NA,NA,NA,NA,NA,NA,NA,NA,NA,NA,NA,NA,NA,NA,NA,NA,NA,NA,NA,NA,NA,NA,NA,NA,NA,NA,NA,NA,NA,NA,NA,NA,NA,NA,NA,NA,NA,NA,NA,NA,NA,NA,NA,NA,NA,NA,NA,NA,NA,NA,NA,NA,NA,NA,NA,NA,NA,NA,NA,NA,NA,NA,NA,NA,NA,NA,NA,NA,NA,NA,NA,NA,NA,NA,NA,NA,NA,NA,NA,NA,NA,NA,NA,NA,NA,NA,NA,NA,NA,NA,NA,NA,NA,NA,NA,NA,NA,NA,NA,NA,NA,NA,NA,NA,NA,NA,NA,NA,NA,NA,NA,NA,NA,NA,NA,NA,NA,NA,NA,NA,NA,NA,NA,NA,NA,NA,NA,NA,NA,NA,NA,NA,NA,NA,NA,NA,NA,NA,NA,NA,NA,NA,NA,NA,NA,NA,NA,NA,NA,NA,NA,NA,NA,NA,NA,NA,NA,NA,NA,NA,NA,NA,NA,NA,NA,NA,NA,NA,NA,NA,NA,NA,NA,NA,NA,NA,NA,NA,NA,NA,NA,NA,NA,NA,NA,NA,NA,NA,NA,NA,NA,NA,NA,NA,NA,NA,NA,NA,NA,NA,NA
DE,3.0291400142146414,6.382903567643942,4.383896477354422,3.695605187319885,5.654899135446686,3.779624277456647,6.5878136200716835,3.3499821619693186,3.4166666666666665,5.28441011235955,6.120477695820162,5.423508771929825,7.01195919803025,6.036382903567644,4.1090973702914,5.223052294557097,4.086158192090395,2.1142553944110367,2016,Germany,678.66734791116,138.25984964183,4.76307742,NA,0.1682020000000001,0.1642306,0.6571196,1,10,23.631203,522.01,NA,NA,NA,NA,NA,NA,NA,NA,NA,NA,NA,NA,NA,NA,NA,NA,NA,NA,NA,NA,NA,NA,NA,3.509092057521036,4.824974065764398,0,0,10.1,0,0,0,10,0,0,0,0,0,0,0,0,0,0,0,49.299999,30.6,2,71.5,0,NA,0,6,1,0,0.47353181,1,41.540001,67.270004,1,2,1,NA,2,0.64429355,5,8.5900002,NA,NA,NA,NA,NA,1,28.1,2.1,1.1,1.1,5.4,2.1,1,2.8,12,1,12,15,12,10,15,1,14,1,20,1,NA,NA,1,0.917,NA,NA,NA,NA,NA,NA,NA,4.077572,3,11,1,NA,1,74.4,70,90,50.6,90,0,5,NA,NA,NA,NA,NA,NA,NA,NA,0.8888889,80.93335,NA,NA,NA,NA,NA,NA,NA,NA,NA,NA,NA,36.5,40.6,NA,NA,NA,46841,4596,NA,NA,NA,NA,NA,NA,26,10,NA,NA,NA,NA,14.97,NA,NA,NA,NA,NA,NA,NA,NA,NA,NA,NA,NA,NA,0.93400002,NA,0.0225427382831346,0.824767388638627,0.8083877276685669,0.9524848498924054,0.817685309344099,3.73819026315607,0.617725051292688,0.8654878033410645,NA,NA,NA,NA,4.917,1.8433517,1.7349029,0.6813634,1.6220487,100,100,100,0.413677074113562,52.3439752792884,NA,NA,348900,2535000000,61000000,9.3,39.0650407536271,1.30195024488152,NA,11.2,NA,NA,NA,NA,NA,NA,NA,NA,NA,4.43900012969971,1.30799996852875,0.89300000667572,1.6710000038147,27.3819999694824,13.8079996109009,39.2319984436035,71.3099975585938,85.2990036010742,59.0970001220703,NA,NA,NA,NA,NA,NA,1.19584612204004,1.66935764076614,2.62295451071848,1.5,NA,NA,0.553171864315135,45923.0075696152,44431.8228379944,27.4659436077671,NA,NA,NA,NA,1.17619285124739,89.6471005903368,46.4281444539093,80.6414634146341,83.1,78.3,NA,NA,NA,82348669,13.0894633869742,65.640928159976,21.2696084530498,236.023700200631,22.776,77.224,669408,67,10.4460000991821,NA,NA,11.2420603998028,55.3014483168534,84.2672667419411,3.74000000953674,4.11999988555908,4.44999980926514,6.09499979019165,7.03200006484985,7.84600019454956,36.5,NA,6.873763084411621,NA
EE,3.421402969790067,5.341305430991529,3.162622612287042,3.5834633385335413,4.700262467191601,4.726277372262774,4.254115226337449,2.6374298827129015,2.666666666666667,5.7155599603567895,5.98411122144985,5.30818858560794,6.836245631552671,5.813576494427558,3.5644916540212446,4.515288220551378,3.632345554997489,2.072139303482587,2016,Estonia,711.75393221172,18.806095560811,3.932918551,NA,0.50617,0.4944277,0.4984568,1,9,24.777344,696.74,NA,NA,NA,NA,NA,NA,NA,NA,NA,NA,NA,NA,NA,NA,NA,NA,NA,NA,NA,NA,NA,NA,NA,4.859535136868807,5.357133290833408,0,0,0,28.700001,0,0,0,56.400002,0,0,0,0,0,0,0,0,0,0,0,14.9,2,64.2,0,NA,0,3,0,1,0.63120979,1,27.700001,56.599998,0,NA,1,NA,1,0.79584157,5,24.799999,NA,NA,NA,NA,NA,4.3,44.7,4,1.7,2.9,3.1,3.3,2.7,3.2,12,1,12,16,11,9.75,14,1,14,1,16,1,NA,NA,1,0.84100002,NA,NA,NA,NA,NA,NA,NA,5.139803,2,9,12,NA,1,77.2,80,90,57.2,90,0,1,NA,NA,NA,NA,NA,NA,NA,NA,0.65277779,77.579666,NA,NA,NA,NA,NA,NA,NA,NA,NA,NA,NA,23.8,NA,NA,NA,NA,26173,NA,NA,NA,NA,NA,NA,NA,16,9,NA,NA,NA,NA,13.55,NA,NA,NA,NA,NA,NA,NA,NA,NA,NA,NA,NA,NA,0.86799997,NA,0.0476888982275077,0.8613299941776932,0.8368626522697457,0.9464076749595,0.8630184370153324,3.797892906821757,0.6433699108932417,0.915368125317891,NA,NA,NA,NA,0.461,1.2722911,1.0982465,0.67390776,1.2263855,100,100,100,0.922044056417571,54.6705379655697,NA,NA,42390,NA,31000000,10.7,30.0802625944613,20.7607422997778,NA,11.7,NA,NA,NA,NA,NA,NA,NA,NA,NA,3.88800001144409,3.89400005340576,1.99800002574921,5.70699977874756,29.7229995727539,17.2730007171631,41.6230010986328,66.3830032348633,80.7289962768555,52.6699981689453,NA,NA,NA,NA,NA,NA,2.13287444744984,3.17775504933314,0.811996202103237,1.58,NA,NA,2.20465846985322,18094.587299874,28109.81704489,23.1216847103184,NA,NA,NA,NA,NA,87.2373320920335,48.5047038653816,77.7365853658537,82.5,73.2,NA,NA,NA,1315790,16.1956871236977,64.653523736668,19.1507891396344,31.0401037980656,31.437,68.563,287,298,9.49600028991699,NA,NA,1.43356067311757,28.2366001697599,154.102849661032,6.06500005722046,6.76000022888184,7.41400003433228,10.5550003051758,13.4079999923706,15.7370004653931,23.8,NA,5.649675369262695,NA
ES,3.5573407202216063,5.466165413533834,4.731212287438289,4.049830124575312,5.965297860034702,4.345177664974619,5.935834692767809,3.416622830089427,2.657894736842105,4.973872950819672,5.412253374870197,4.367745249101181,6.574742268041238,3.8924281984334206,2.4236581552892127,3.9163969795037756,2.402286902286902,1.88768675940237,2016,Spain,501.42110494267,76.389403968599,2.416117361,NA,0.4164629999999999,0.4132178,0.4513643,1,16,44.990826,545.72,NA,NA,NA,NA,NA,NA,NA,NA,NA,NA,NA,NA,NA,NA,NA,NA,NA,NA,NA,NA,NA,NA,NA,4.171150653619307,4.958399032120508,0,0,0,39.099998,4.9000001,0,0,9.1000004,18.6,0,0,4,0,0,0,0,0,0,0,24.299999,1,66.5,0,NA,0,3,1,1,0.14659376,1,44.619999,48.790001,1,0,1,NA,2,0.61668444,3,28.73,NA,NA,NA,NA,NA,1.8,37.9,1.9,1.8,2.2,1.9,2.8,2.8,3.5,11,1,12,15,10,10,15,1,15,1,28,1,NA,NA,2,0.85600001,NA,NA,NA,NA,NA,NA,NA,5.00384,2,9,25,NA,1,68.5,70,85,51.7,70,0,5,NA,NA,NA,NA,NA,NA,NA,NA,0.72222221,82.969093,NA,NA,NA,NA,NA,NA,NA,NA,NA,NA,NA,40,39.2,NA,0.4444444,2,31556,3853,NA,NA,NA,NA,NA,NA,38,10,NA,NA,NA,NA,18.69,NA,NA,NA,NA,NA,NA,NA,NA,NA,NA,NA,NA,NA,0.889,NA,0.0797204793898051,0.7181881458541128,0.7216328103362564,0.9430177873643677,0.721499715915927,3.584700159553963,0.5594372779797785,0.807549996674831,NA,NA,NA,NA,1.701,0.51559198,1.1161648,0.41318828,0.97884911,100,100,100,0.86003354804266,51.3887383981403,NA,NA,500210,507000000,86000000,8.7,30.4496118631965,3.22846286730878,NA,8.8,104.135185493729,31.5134906768799,29.1711502075195,NA,NA,NA,NA,NA,NA,4.97399997711182,4.22300004959106,2.13499999046326,5.94700002670288,19.6060009002686,8.42300033569336,28.8409996032715,76.1709976196289,89.4410018920898,65.2119979858398,NA,NA,NA,NA,NA,NA,1.13296564573607,2.59578874448775,4.07938298398231,1.33,NA,NA,2.5113497991099,31505.6122034216,33320.3727243715,21.2973012600557,103.871170043945,95.3812713623047,127.949882507324,91.1763687133789,0.633484517789215,80.5613329432179,46.2521914671464,82.8317073170732,85.7,80.1,NA,98.4645233154297,96.2657089233398,46484062,14.7778623848635,66.0551114906204,19.1670261245162,92.9290937806121,20.16,79.84,12943,29,16.9869995117188,NA,NA,13.8477383547217,42.3554297640075,62.8760095912284,21.3819999694824,19.6299991607666,18.1219997406006,44.9550018310547,44.5429992675781,44.189998626709,39.1,NA,6.318612098693848,NA
FI,2.639937106918239,6.809722948248823,4.103539355520338,4.341605068637803,5.926082365364309,5.070749736008447,6.545742993125331,3.05552645364065,3.444444444444444,6.760914760914762,6.939551849921834,6.134445023449714,8.221528861154445,7.174072138003136,4.84924360980699,5.748178980228928,4.736458333333333,2.011023622047244,2016,Finland,816.03041490303,371.78495991416,5.811531485,NA,0.1314973099999999,0.1412075,0.2531044,1,3,8.4295902,706.53,NA,NA,NA,NA,NA,NA,NA,NA,NA,NA,NA,NA,NA,NA,NA,NA,NA,NA,NA,NA,NA,NA,NA,5.891883929886581,6.575011013143448,24.5,0,6,18.5,5,0,7.5,0,0,0,0,0.5,0,0,0,0,18.5,0,2.5,17,2,66.9,0,NA,0,3,0,1,0.74957675,1,21.1,73.459999,0,1,1,NA,2,0.8572222,0,16.51,NA,NA,NA,NA,NA,1,18.7,2.3,1,1,2.3,1.7,0.9,1,12,1,12,16,12,10,16,1,16,1,12,1,NA,NA,1,0.90399998,NA,NA,NA,NA,NA,NA,NA,6.562541,2,9,25,NA,1,72.6,80,85,53.7,90,0,5,NA,NA,NA,NA,NA,NA,NA,NA,0.97222221,81.74305,NA,NA,NA,NA,NA,NA,NA,NA,NA,NA,NA,41.5,NA,NA,0.7111111,5,38335,1813,NA,NA,NA,NA,NA,NA,72,10,NA,NA,NA,NA,8.92,NA,NA,NA,NA,NA,NA,NA,NA,NA,NA,NA,NA,NA,0.91799998,NA,0.0338253965713602,0.8004480598108985,0.802349327561413,0.964699539309056,0.8164311613404325,3.674818798465181,0.6131368108263779,0.8704574993639935,NA,NA,NA,NA,2.341,2.2394533,1.8292443,0.9990865,2.0152512,100,100,100,0.90056631480077,59.1234993772953,NA,NA,303890,66000000,201000000,9.6,31.1095572484905,3.94841780012987,NA,9.8,NA,1.73064005374908,14.8494997024536,NA,NA,NA,NA,NA,NA,4.05900001525879,3.86500000953674,2.08899998664856,5.51599979400635,22.1560001373291,8.80900001525879,34.568000793457,73.9789962768555,89.1019973754883,59.9160003662109,NA,NA,NA,NA,NA,NA,1.43218236208056,1.88704870798974,7.66517238331147,1.65,NA,NA,2.31307902286199,45983.3133332131,39659.1660392991,23.3574172857586,100.421920776367,83.4387664794922,152.168426513672,86.9920196533203,1.41776937618147,87.7036499599455,48.049231950902,81.7804878048781,84.7,79,NA,99.0589904785156,95.9382476806641,5495303,16.3703868996782,62.8442675916187,20.785345508703,18.0831978676495,14.725,85.275,18302,NA,14.0649995803833,NA,NA,21.0007739615244,8.30981339353663,72.8075338434373,8.58100032806396,8.81999969482422,9.04100036621094,18.4839992523193,20.0100002288818,21.5550003051758,41.5,NA,7.659843444824219,NA
FR,3.4883381924198247,7.3612997090203685,4.698131760078663,4.098570724494825,5.6458951533135515,4.256091496767777,6.916666666666666,3.210577864838394,1.666666666666667,4.583574879227053,5.934782608695652,4.8064828253507494,6.421383647798743,4.963592233009709,2.828627069133398,4.03230543318649,2.893152015541525,2.3101941747572816,2016,France,NA,71.59923786409,3.861416935,NA,NA,NA,NA,NA,NA,NA,NA,NA,NA,NA,NA,NA,NA,NA,NA,NA,NA,NA,NA,NA,NA,NA,NA,NA,NA,NA,NA,NA,NA,NA,NA,NA,NA,NA,NA,NA,NA,NA,NA,NA,NA,NA,NA,NA,NA,NA,NA,NA,NA,NA,NA,NA,NA,NA,NA,NA,NA,NA,NA,NA,NA,NA,NA,NA,NA,NA,NA,NA,NA,NA,NA,NA,NA,NA,NA,NA,NA,NA,NA,NA,NA,NA,NA,NA,NA,NA,NA,NA,NA,NA,NA,NA,NA,NA,NA,NA,NA,NA,NA,NA,NA,NA,NA,NA,NA,NA,NA,NA,NA,NA,NA,NA,NA,NA,NA,NA,NA,NA,NA,NA,NA,NA,NA,NA,NA,NA,NA,NA,NA,NA,NA,NA,NA,NA,NA,NA,NA,NA,NA,NA,NA,NA,NA,NA,NA,NA,NA,NA,NA,NA,NA,NA,NA,NA,NA,NA,NA,NA,NA,NA,NA,NA,NA,NA,NA,NA,NA,NA,NA,NA,NA,NA,NA,NA,NA,NA,NA,NA,NA,NA,NA,NA,NA,NA,NA,NA,NA,NA,NA,NA,NA,NA,NA,NA,NA,NA,NA,NA,NA,NA,NA,NA,NA,NA,NA,NA,NA,NA,NA,NA,NA,NA,NA,NA,NA,NA,NA,NA,NA,NA,NA,NA,NA,NA,NA,NA,NA,NA,NA,NA,NA,NA,NA,NA,NA,NA,NA,NA,NA,NA,NA,NA,NA,NA,NA,NA,NA,NA,NA,NA,NA,NA,NA,NA,NA,NA,NA,NA,NA,NA,NA,NA,NA,NA,NA,NA,NA,NA,NA,NA,NA,NA,NA,NA,NA,NA,NA,NA,NA,NA,NA,NA,NA
GB,3.135163127912999,6.183401639344262,4.276080084299262,3.794412229836584,5.692470837751856,4.3127330847096434,5.879265091863517,2.9342723004694835,3.178571428571429,5.324476239141543,5.74079754601227,5.806550665301945,6.631578947368421,5.850206611570249,3.7809425168306574,4.627643115007736,3.7002063983488136,2.2568193515182706,2016,United Kingdom,697.68270870088,214.84441686459,4.715235684,0.93609333,0.1210589999999999,0.0531693,0.6944025,1,6,15.814979,589.29,NA,NA,NA,NA,NA,NA,NA,NA,NA,NA,NA,NA,NA,NA,NA,NA,NA,NA,NA,NA,NA,NA,NA,2.537568704672679,3.943062182090613,0,0,0,50.900002,8.6000004,0,0.2,1.2,0,0,0,3.2,0,0,0,0,0.2,0,0,35.700001,1,66.4,0,NA,0,4,NA,NA,0.26606572,1,36.049999,59.080002,1,2,0,NA,2,0.62127078,NA,29,NA,NA,NA,NA,NA,1,33.2,2.1,1.7,1.6,2.1,2.7,1.5,3.6,12,1,12,14,12,10,15,1,14,1,25,1,NA,NA,2,0.89600003,NA,NA,NA,NA,NA,NA,NA,3.929134,1,1,1,NA,1,76.4,80,90,71.8,90,0,5,NA,NA,NA,NA,NA,NA,NA,NA,0.8888889,80.899605,NA,NA,NA,NA,NA,NA,NA,NA,NA,NA,NA,29.4,24.6,NA,0.6,1,39162,5608,NA,NA,NA,NA,NA,NA,136,10,NA,NA,NA,NA,22.26,NA,NA,NA,NA,NA,NA,NA,NA,NA,NA,NA,NA,NA,0.92000002,NA,0.0695332446788439,0.7594475684688304,0.763349227463535,0.914581081215053,0.7999242359211906,3.668906255448047,0.6382186253015351,0.868129435494648,NA,NA,NA,NA,5.102,1.8989094,1.6019504,0.36045405,1.6915404,100,100,100,0.445931813775788,56.1748670126333,NA,NA,241930,1365000000,259000000,11.8,38.2887885668414,15.7421014439638,NA,9.1,116.856015170291,NA,NA,NA,NA,NA,NA,NA,NA,2.44199991226196,1.12399995326996,0.625,1.55900001525879,18.4580001831055,7.59700012207031,27.9270000457764,80.4189987182617,91.7779998779297,70.5139999389648,NA,NA,NA,NA,NA,NA,1.83868167084872,10.0273704206509,1.97742328229117,1.8,NA,NA,0.537102883852838,42039.7363643926,39309.3270821404,17.9851791183363,NA,NA,NA,NA,1.2024106683055,94.7758006318882,46.5152766000033,80.9560975609756,82.8,79.2,NA,NA,NA,65595565,17.618799580607998,64.0307889938457,18.3504114255463,271.134481048237,17.114,82.886,118913,78,15.4980001449585,NA,NA,25.5971162999647,50.9407788653391,58.5823132453289,4.67600011825562,4.80999994277954,4.92700004577637,11.076000213623,12.9899997711182,14.7620000839233,29.6,NA,6.824283599853516,NA
HU,3.3677160080375086,5.0507292327203555,4.366775244299674,3.7432343234323433,5.234240212342402,4.916212534059945,4.325566343042071,3.0593869731800765,2.15,4.5143034825870645,4.824922118380063,4.6695652173913045,6.362609786700126,5.42948308870453,3.574968233799238,4.526819923371647,3.729815638906548,1.9732693625771076,2016,Hungary,554.0628059499,91.400112142415,2.480100756,NA,0.1522,0.0296651999999999,0.524375,1,24,51.042152,603.39,NA,NA,NA,NA,NA,NA,NA,NA,NA,NA,NA,NA,NA,NA,NA,NA,NA,NA,NA,NA,NA,NA,NA,2.01293917300407,3.218020917135961,0,0,0,66.800003,0,0,2.5,0,0,0,0,0,0,0,0,0,11.6,0,0,19.1,1,61.8,0,NA,0,3,0,0,0,1,44.5,44.5,1,0,1,NA,2,0.50919592,5,NA,NA,NA,NA,NA,NA,3.9,52,3.3,5.2,3.2,6.5,2.7,6.1,3.8,11,2,9,13,7,8.75,13,3,10,1,44,2,NA,NA,2,0.81800002,NA,NA,NA,NA,NA,NA,NA,3.225016,3,11,1,NA,1,66,70,75,63.8,45,0,1,NA,NA,NA,NA,NA,NA,NA,NA,0.6388889,75.746872,NA,NA,NA,NA,NA,NA,NA,NA,NA,NA,NA,10.1,NA,NA,0.5222222,3,24047,1218,NA,NA,NA,NA,NA,NA,26,10,NA,NA,NA,NA,29.01,NA,NA,NA,NA,NA,NA,NA,NA,NA,NA,NA,NA,NA,0.83499998,NA,0.2996271039455205,0.388063564662382,0.535573881888106,0.8956995993638515,0.5497265933712905,3.094804907672069,0.467952744784782,0.6624426471025116,NA,NA,NA,NA,0.835,0.097213596,0.45601311,0.65467864,0.42307574,100,100,100,0.849321236551969,47.8553937262093,NA,NA,90530,NA,14000000,9.7,28.857202002075,3.38169914327663,NA,13,97.4790854515148,15.9702701568604,22.0575504302979,NA,NA,NA,NA,NA,NA,4.95100021362305,5.03999996185303,2.84100008010864,6.88899993896484,30.4379997253418,19.1599998474121,39.9210014343262,64.5220031738281,77.9990005493164,53.1910018920898,NA,NA,NA,NA,NA,NA,1.03640465700202,55.4899307761161,53.1651256704311,1.45,NA,NA,3.71871852089422,14997.2005200975,25664.136004531,25.7843830885774,101.870918273926,81.6126327514648,102.270278930664,48.0306510925293,2.07149933788933,79.2594013161699,45.6738072958401,75.5682926829269,79,72.3,NA,91.3912811279297,89.0154495239258,9814023,14.3546874123692,67.6336506658631,18.0116619217677,108.406307301447,29.221,70.779,4691,2904,10.7729997634888,NA,NA,23.3531882264192,31.9865181778316,168.992646029172,5.10500001907349,5.1100001335144,5.11499977111816,12.8290004730225,12.8520002365112,12.8699998855591,10.1,NA,5.448901653289795,NA
IE,3.4200221647580347,6.330288637194008,4.650185873605948,4.2599699021820925,5.860429447852761,4.749235474006116,5.639332096474954,2.7786343612334803,2.571428571428571,5.533575317604355,6.136777009821754,6.033066860465117,6.228280625227191,5.436987322893363,3.6786110084964903,4.487131667288325,3.6929018021331372,2.232896652110626,2016,Ireland,698.27041689598,249.25876543433,4.949123478,NA,0.1206349999999999,0.0312421000000001,0.1549789,1,2,14.645495,465.34,NA,NA,NA,NA,NA,NA,NA,NA,NA,NA,NA,NA,NA,NA,NA,NA,NA,NA,NA,NA,NA,NA,NA,4.941541563306088,6.605543371997782,0,0,0,0,14.6,0,1.3,27.799999,3.8,0,0,14.6,0,0,0,0,0,0,31.6,6.3000002,4,65.1,0,NA,0,6,0,0,0.4443742,1,36.099998,55.549999,0,2,1,NA,2,0.72259945,0,17.450001,NA,NA,NA,NA,NA,1.4,22.3,2.8,1.4,1.4,2,2.1,1,2.2,12,1,12,16,11,10,15,1,14,1,18,1,NA,NA,1,0.90799999,NA,NA,NA,NA,NA,NA,NA,5.234917,2,10,28,NA,1,77.3,70,90,72.1,90,0,5,NA,NA,NA,NA,NA,NA,NA,NA,0.91666669,81.142845,NA,NA,NA,NA,NA,NA,NA,NA,NA,NA,NA,16.3,30,NA,0.5888889,1,55653,NA,NA,NA,NA,NA,NA,NA,95,10,NA,NA,NA,NA,14.08,NA,NA,NA,NA,NA,NA,NA,NA,NA,NA,NA,NA,NA,0.93400002,NA,0.0488401803138944,0.7571132945462185,0.730981503364425,0.9093310919005637,0.7673886548090995,3.564942375142085,0.5506757096414703,0.8419428290183768,NA,NA,NA,NA,3.141,1.5832958,1.3319477,0.84781885,1.5172747,100,100,100,0.404752236033713,54.5165857204269,NA,NA,68890,NA,43000000,13.5,28.7806295198683,6.71368076658263,NA,6.4,83.6340767820251,0.485379993915558,0.626240015029907,NA,NA,NA,NA,NA,NA,4.66900014877319,5.60400009155273,1.37100005149841,9.14299964904785,19.556999206543,8.97200012207031,28.4039993286133,74.838996887207,89.6569976806641,62.4529991149902,NA,NA,NA,NA,NA,NA,0.340700340263979,25.9706083975334,33.5242483856981,1.92,NA,NA,0.924812867718969,69892.3156470839,63227.2079765883,36.418908498148,100.764488220215,112.587272644043,126.150581359863,NA,0.802079598210467,85.0111321151019,44.8629157550475,81.6073170731707,83.4,79.9,NA,NA,NA,4755335,21.703598628715,64.7179754544889,13.5784259167961,69.027943097692,37.263,62.737,5655,NA,16.9209995269775,NA,NA,18.7823582713611,40.1434762608658,221.158015597653,6.52099990844727,7.8899998664856,9.00399971008301,14.5349998474121,17.0690002441406,19.3540000915527,22.2,NA,7.040731430053711,NA
IL,3.376083188908145,5.8060326770004185,4.285645239246013,4.238354806739346,5.746513944223108,4.936274509803922,5.233072316904653,2.6686930091185412,1.7328767123287672,5.457165416502171,5.492069785884219,5.55713720838276,5.125990491283677,5.507828181453232,3.0401297122010535,4.076494023904383,3.0268968285828985,2.29431721798134,2016,Israel,NA,NA,NA,NA,NA,NA,NA,NA,NA,NA,NA,NA,NA,NA,NA,NA,NA,NA,NA,NA,NA,NA,NA,NA,NA,NA,NA,NA,NA,NA,NA,NA,NA,NA,NA,NA,NA,NA,NA,NA,NA,NA,NA,NA,NA,NA,NA,NA,NA,NA,NA,NA,NA,NA,NA,NA,NA,NA,NA,NA,NA,NA,NA,NA,NA,NA,NA,NA,NA,NA,NA,NA,NA,NA,NA,NA,NA,NA,NA,NA,NA,NA,NA,NA,NA,NA,NA,NA,NA,NA,NA,NA,NA,NA,NA,NA,NA,NA,NA,NA,NA,NA,NA,NA,NA,NA,NA,NA,NA,NA,NA,NA,NA,NA,NA,NA,NA,NA,NA,NA,NA,NA,NA,NA,NA,NA,NA,NA,NA,NA,NA,NA,NA,NA,NA,NA,NA,NA,NA,NA,NA,NA,NA,NA,NA,NA,NA,NA,NA,NA,NA,NA,NA,NA,NA,NA,NA,NA,NA,NA,NA,NA,NA,NA,NA,NA,NA,NA,NA,NA,NA,NA,NA,NA,NA,NA,NA,NA,NA,NA,NA,NA,NA,NA,NA,NA,NA,NA,NA,NA,NA,NA,NA,NA,NA,NA,NA,NA,NA,NA,NA,NA,NA,NA,NA,NA,NA,NA,NA,NA,NA,NA,NA,NA,NA,NA,NA,NA,NA,NA,NA,NA,NA,NA,NA,NA,NA,NA,NA,NA,NA,NA,NA,NA,NA,NA,NA,NA,NA,NA,NA,NA,NA,NA,NA,NA,NA,NA,NA,NA,NA,NA,NA,NA,NA,NA,NA,NA,NA,NA,NA,NA,NA,NA,NA,NA,NA,NA,NA,NA,NA,NA,NA,NA,NA,NA,NA,NA,NA,NA,NA,NA,NA,NA,NA,NA,NA
IS,2.8027681660899653,6.959862385321101,4.714285714285714,3.9965075669383,6.250585480093676,4.8149882903981265,6.260668973471741,3.1129032258064515,3.6,6.395904436860068,7.027554535017222,6.635535307517084,7.842824601366742,6.028636884306988,4.1833910034602075,5.07648401826484,4.3974799541809855,2.2118343195266275,2016,Iceland,508.51626224974,327.89090801309,4.453273752,NA,0.0797959999999998,0.0820409,0.1913265,1,2,16.272741,NA,NA,NA,NA,NA,NA,NA,NA,NA,NA,NA,NA,NA,NA,NA,NA,NA,NA,NA,NA,NA,NA,NA,NA,5.097515470959455,6.085908687026062,12.7,0,0,44.400002,0,0,15.9,22.200001,4.8000002,0,0,0,0,0,0,0,0,0,0,0,6,79.2,NA,NA,0,3,1,0,0.51351351,2,24.43,51.130001,0,1,1,NA,2,0.78648239,NA,12.85,NA,NA,NA,NA,NA,4.1,22.5,2.8,1,1.2,2,1,1.3,1.1,12,1,12,16,10,10,16,1,15,1,15,1,NA,NA,NA,0.88999999,NA,NA,NA,NA,NA,NA,NA,6.011855,2,9,25,NA,1,73.3,60,70,61.6,90,0,5,NA,NA,NA,NA,NA,NA,NA,NA,0.94444442,82.270828,NA,NA,NA,NA,NA,NA,NA,NA,NA,NA,NA,41.3,NA,NA,0.7222222,5,42980,NA,NA,NA,NA,NA,NA,NA,NA,NA,NA,NA,NA,NA,13.03,NA,NA,NA,NA,NA,NA,NA,NA,NA,NA,NA,NA,NA,0.93300003,NA,0.0211007577359061,0.7476861882010686,0.788298791813826,0.9243210940646135,0.781037771786654,3.659986012223885,0.6397632101548679,0.8608540772223685,NA,NA,NA,NA,0.125,1.9494255,1.38606,1.3616239,1.5195761,100,100,100,0.120091269364717,52.0741150442478,NA,NA,100250,NA,NA,12,38.5061689034331,12.1422652814074,NA,6.9,74.6658876236001,NA,NA,NA,NA,NA,NA,NA,NA,4.03200006484985,3.89499998092651,2.18099999427795,5.41900014877319,17.4599990844727,6.94000005722046,26.8129997253418,78.6449966430664,90.8789978027344,67.7679977416992,NA,NA,NA,NA,NA,NA,0,-5.25158493690747,-8.91451088642984,1.8,NA,NA,5.11394439629173,48995.1685496011,45630.9381699818,19.6580509802931,NA,NA,NA,NA,0.300447727203078,98.2400162999185,47.0997958448421,82.4682926829268,83.8,81.2,NA,NA,NA,335439,20.1672912769119,65.7573223770882,14.075386346,3.34602493765586,6.265,93.735,125,NA,11.9700002670288,NA,NA,38.5188399819878,49.4974043083068,90.419460159231,3.04900002479553,2.98000001907349,2.91899991035461,6.17199993133545,6.33599996566772,6.49499988555908,47.6,NA,7.510034561157227,NA
IT,3.3977079796264857,6.050955414012739,4.8017835427644915,4.525347506132462,5.709783053622595,4.732069249793899,5.312248186946011,3.212715855572998,3.2916666666666665,4.558610156548301,4.772132409545804,4.238938053097345,6.113207547169811,4.545276362210897,2.284879189399844,3.2343079922027287,2.2938204430625726,2.039906103286385,2016,Italy,969.57870411427,213.46113770767,1.94816152,NA,0.1145190000000001,0.1146823,0.3026566,1,13,47.708652,571.9,NA,NA,NA,NA,NA,NA,NA,NA,NA,NA,NA,NA,NA,NA,NA,NA,NA,NA,NA,NA,NA,NA,NA,3.517757640569594,5.353720300236634,0,0,0,15.6,0,0,0,6.1999998,5.9000001,0,0,5,17.299999,0,0,0,2.9000001,0,0,47.099998,2,75.2,0,NA,0,4,1,1,0.24760701,0,NA,0,1,NA,1,NA,2,0.7296406,4,NA,NA,NA,NA,NA,NA,2.5,45.2,2,2,2.7,5.5,4.5,3.7,2.9,12,1,12,15,10,10,14,1,12,1,31,2,NA,NA,2,0.86799997,NA,NA,NA,NA,NA,NA,NA,5.359057,2,9,13,NA,1,61.2,60,85,53,50,0,5,NA,NA,NA,NA,NA,NA,NA,NA,0.56944442,82.341553,NA,NA,NA,NA,NA,NA,NA,NA,NA,NA,NA,31,28.3,NA,0.4722222,2,34989,2144,NA,NA,NA,NA,NA,NA,68,10,NA,NA,NA,NA,26.26,NA,NA,NA,NA,NA,NA,NA,NA,NA,NA,NA,NA,NA,0.87800002,NA,0.2451483855262805,0.7995434502832163,0.7698869653896646,0.9124500963186064,0.793510430133701,3.629448652218342,0.6637555081006178,0.8639894390933892,NA,NA,NA,NA,2.75,0.084377162,0.53508174,0.36941531,0.3291761,100,100,100,1.39480802305614,57.0290127929924,NA,NA,294140,670000000,762000000,7.8,26.1876076666949,2.64761273779229,NA,10.1,NA,NA,NA,NA,NA,NA,NA,NA,NA,6.50099992752075,3.8840000629425,2.51099991798401,4.85699987411499,26.1219997406006,12.9010000228882,35.4799995422363,69.9929962158203,84.588996887207,59.6629981994629,NA,NA,NA,NA,NA,NA,1.51768009336142,1.05604341735863,0.819537758526933,1.35,NA,NA,1.89270567009178,34318.4968180439,34655.2627627333,21.4380384498486,NA,NA,NA,NA,0.6730631628183,61.3242527666303,41.9749738959636,82.5439024390244,84.9,80.3,NA,NA,NA,60627498,13.6081817887813,63.6824995509839,22.7093186602348,206.117828245053,30.145,69.855,147302,44,23.9969997406006,NA,NA,23.6595645041034,34.1026319091903,56.3510378458443,12.7819995880127,11.6899995803833,10.8999996185303,39.6080017089844,37.8499984741211,36.5960006713867,31,NA,5.954524040222168,NA
LT,3.3277835587929236,5.675196850393701,4.905701754385965,4.458654906284455,5.224455611390285,4.725950782997763,4.9047884187082404,2.874604847207587,1.4210526315789473,5.176693510184746,5.545454545454546,4.805871212121212,6.045130641330166,4.968177434908389,3.205684007707129,3.731637061929909,3.45324427480916,2.472195589645254,2016,Lithuania,462.1776252046,22.960362193072,3.058359771,NA,0.3222700000000002,0.32191380000000003,0.4141271,1,15,41.8367,661.5,NA,NA,NA,NA,NA,NA,NA,NA,NA,NA,NA,NA,NA,NA,NA,NA,NA,NA,NA,NA,NA,NA,NA,4.418463876848576,6.840319579730766,38.299999,0,0,0.69999999,5.6999998,0,0.69999999,37.599998,0,0,0,3.5,0,0,0,0,0,0,0,13.5,2,50.6,1,NA,0,3,1,0,0.67842823,3,NA,0,1,NA,1,59.049999,0,0.81793308,25,NA,NA,NA,NA,NA,NA,4,41.7,4.4,2.5,3.5,2.3,3.1,2.7,4.5,11,1,12,16,10,10,13,1,13,1,21,1,NA,NA,1,0.83099997,NA,NA,NA,NA,NA,NA,NA,7.323057,3,12,4,NA,1,75.2,80,80,60,65,0,1,NA,NA,NA,NA,NA,NA,NA,NA,0.625,75.160172,NA,NA,NA,NA,NA,NA,NA,NA,NA,NA,NA,23.4,NA,NA,NA,NA,26182,NA,NA,NA,NA,NA,NA,NA,25,10,NA,NA,NA,NA,21.37,NA,NA,NA,NA,NA,NA,NA,NA,NA,NA,NA,NA,NA,0.85500002,NA,0.1605135906637805,0.7247491465183421,0.741475127952855,0.9250580336316003,0.7618649557194818,3.552223125665002,0.6254936478480767,0.8225531704432869,NA,NA,NA,NA,0,0.7137934,1.0824448,0.82827997,1.0293832,100,100,100,2.00198916022463,50.4561317738493,NA,NA,62650,NA,25000000,10.7,29.4940701432374,3.3275394752420002,NA,14.3,NA,2.65533995628357,3.01112008094788,NA,NA,NA,NA,NA,NA,2.36500000953674,7.97599983215332,5.54199981689453,10.5349998474121,25.136999130249,15.5790004730225,35.1920013427734,66.8870010375977,78.8789978027344,54.2729988098145,NA,NA,NA,NA,NA,NA,1.48871126572041,2.24977620379739,1.89814649987383,1.7,NA,NA,2.98696932061041,15945.5234844081,28033.8739289417,25.8211127679799,101.336212158203,89.6239700317383,103.237831115723,65.9857177734375,5.2468664376198,74.3766455618662,50.5952288513309,74.3219512195122,79.7,69.2,NA,98.2081527709961,93.7189788818359,2868231,14.6914517979719,66.4645633850471,18.8439848169809,45.7818196328811,32.634,67.366,1064,64,12.3620004653931,NA,NA,4.931157004358,18.2539734390006,147.610119047965,6.65000009536743,7.8600001335144,9.10000038146973,12.5839996337891,14.4090003967285,15.8140001296997,21.3,NA,5.865552425384521,NA
NL,3.075517661388551,6.23995200959808,4.365957446808511,4.408536585365854,5.648102815177479,5.014153846153847,5.8208232445520585,3.0180831826401446,2.066666666666667,6.0130952380952385,6.488385944014294,5.772483621203097,6.665074626865671,6.201685731487055,5.088057901085645,5.477135980746089,5.023409363745499,2.2017964071856286,2016,Netherlands,912.65974984547,482.73240924676,5.55953606,NA,0.1053722903125876,0.5142933000000001,0.7221826,1,3,15.357657,526.11,NA,NA,NA,NA,NA,NA,NA,NA,NA,NA,NA,NA,NA,NA,NA,NA,NA,NA,NA,NA,NA,NA,NA,5.723279439118614,5.972787977972359,0,0,0,0,0,0,2.7,35.299999,10,0,0,2.7,0,0,0,0,10,0,14,25.299999,2,74.6,0,NA,0,6,1,1,0.57246375,1,26.58,45.169998,0,2,1,NA,2,0.82584119,0.67000002,24.84,NA,NA,NA,NA,NA,1.2,27.4,2.6,1,1,3.8,1.5,1.3,2.2,12,1,12,16,12,10,16,1,15,1,11,1,NA,NA,1,0.90600002,NA,NA,NA,NA,NA,NA,NA,5.944278,2,9,13,NA,1,74.6,80,90,64,90,0,5,NA,NA,NA,NA,NA,NA,NA,NA,0.94444442,81.644547,NA,NA,NA,NA,NA,NA,NA,NA,NA,NA,NA,37.3,34.7,NA,0.5811111,2,49254,4402,NA,NA,NA,NA,NA,NA,71,10,NA,NA,NA,NA,11.28,NA,NA,NA,NA,NA,NA,NA,NA,NA,NA,NA,NA,NA,0.92799997,NA,0.0236026857585427,0.803615002684503,0.7835888850604105,0.9280782831151275,0.817018440053551,3.745093183808145,0.6304626908704221,0.8638338619306115,NA,NA,NA,NA,2.412,1.913044,1.8338761,0.91226751,1.8944458,100,100,100,0.456443056712193,53.7508882493604,NA,NA,33690,471000000,115000000,10.1,42.2844555324468,6.07397698047147,NA,8.7,NA,0.346989989280701,5.38288021087646,NA,NA,NA,NA,NA,NA,4.04699993133545,2.26200008392334,1.38399994373322,3.00500011444092,16.4829998016357,6.17799997329712,25.1989994049072,81.2539978027344,92.4390029907227,71.7949981689453,NA,NA,NA,NA,NA,NA,1.17305992676203,23.899453102463,36.6889736649429,1.66,NA,NA,1.64280194295522,52267.7317557741,47269.6329521216,17.9578191423501,103.286758422852,95.1075210571289,132.691650390625,80.3648376464844,0.553362904105035,90.4109589041096,46.0700429604514,81.509756097561,83.2,79.9,NA,97.3255310058594,93.1726608276367,17030314,16.5913536735908,65.040274133722,18.3683721926871,505.500563965568,9.36499999999999,90.635,101702,27,16.8610000610352,NA,NA,22.176616508288,39.8767787521641,153.888828007475,6.51800012588501,6.01000022888184,5.57600021362305,10.2620000839233,10.835000038147,11.3990001678467,37.3,NA,7.540877342224121,NA
NO,2.801298701298701,7.250647668393783,4.061345646437995,4.5833882663150955,5.808707124010555,4.872523117569353,6.247043363994743,2.991464215364412,2.75,6.801556420233464,7.047989623865111,6.2282749675745785,7.435233160621761,7.352941176470588,5.461938841899805,6.7844155844155845,5.394155844155844,2.5895424836601304,2016,Norway,751.34876119503,550.40415661869,5.906481457,NA,0.0586,0.0673454,0.2048005,1,3,13.652634,664.16,NA,NA,NA,NA,NA,NA,NA,NA,NA,NA,NA,NA,NA,NA,NA,NA,NA,NA,NA,NA,NA,NA,NA,4.398446468707254,4.887896102880438,5.9000001,0,0,28.4,0,0,0.60000002,5.3000002,4.0999999,0,0,0.1,0,0,0,0,17.200001,0,5.9000001,32.5,5,78.2,2,NA,0,4,1,0,0.4757348,1,26.809999,26.809999,0,2,1,NA,2,0.77820045,0,30.84,NA,NA,NA,NA,NA,1.3,20.5,1.6,1.1,1,2.8,2,0.8,1.5,12,1,12,16,12,10,16,1,16,1,8,1,NA,NA,1,0.93800002,NA,NA,NA,NA,NA,NA,NA,4.869237,2,9,27,NA,1,70.8,60,75,48.5,90,0,5,NA,NA,NA,NA,NA,NA,NA,NA,0.97222221,82.097778,NA,NA,NA,NA,NA,NA,NA,NA,NA,NA,NA,39.6,NA,NA,0.6888889,5,76397,3813,NA,NA,NA,NA,NA,NA,71,10,NA,NA,NA,NA,7.6,NA,NA,NA,NA,NA,NA,NA,NA,NA,NA,NA,NA,NA,0.95099998,NA,0.0098140578229373,0.8697300512999475,0.8515279424138795,0.9613717515494555,0.863774663538388,3.802587688354893,0.6529151452764255,0.9015988540147944,NA,NA,NA,NA,0,2.1965091,1.8697124,1.2000744,2.0363717,100,100,100,0.864971611234446,52.4838216809139,NA,NA,365245,150000000,151000000,11.2,40.1430987227801,8.1510228044715,NA,7.8,NA,3.19534993171692,7.33384990692139,NA,NA,NA,NA,NA,NA,1.81500005722046,2.08999991416931,0.982999980449677,3.08999991416931,19.4669990539551,6.93900012969971,30.7830009460449,78.443000793457,92.0790023803711,66.1269989013672,NA,NA,NA,NA,NA,NA,1.6195584897875,-5.02380792759584,2.18047813587011,1.72,NA,NA,2.13340767755994,90316.9723439327,64159.544250136,28.2922023258022,100.225883483887,95.8994522094727,114.276786804199,80.5465393066406,0.514305228495527,97.2982036675068,47.0751860772436,82.509756097561,84.2,80.9,NA,99.8059768676758,95.6976013183594,5234519,17.8268610883907,65.5807169741949,16.5924219374144,14.3315281523361,18.515,81.485,59452,NA,6.98000001907349,NA,NA,21.9938390109566,15.3607993158117,67.4098308904111,3.91199994087219,4.67999982833862,5.36299991607666,9.22799968719482,11.0989999771118,12.8970003128052,39.6,NA,7.596331596374512,NA
PL,3.663498098859316,5.653349723417332,4.188815789473685,4.0228608752449375,5.549071618037136,4.84406779661017,5.525324675324676,2.738050900062073,2.52,4.081947743467934,4.941389728096677,3.8179640718562875,5.740072202166065,3.97671568627451,2.4506359781950335,3.3975683890577506,2.513855421686747,2.0334128878281623,2016,Poland,457.23819139835,30.9867463603,2.36315321,NA,0.1183395341893348,0.0468132,0.1711816,1,22,37.611885,596.02,NA,NA,NA,NA,NA,NA,NA,NA,NA,NA,NA,NA,NA,NA,NA,NA,NA,NA,NA,NA,NA,NA,NA,2.744628761513717,4.517650460348581,3.5,0,0,51.099998,0,0,0,36.099998,0,0,0,0.2,0,0,0,0,9.1000004,0,0,0,1,50.9,0,NA,0,2,1,1,0,1,37.580002,37.580002,1,0,1,51.549999,0,0.64448982,5,24.09,NA,NA,NA,NA,NA,2.9,40.8,4.5,3.2,2.3,3.6,1.8,3.3,3,12,2,12,14,9,9.583334,14,1,12,1,34,2,NA,NA,2,0.824,NA,NA,NA,NA,NA,NA,NA,4.354661,2,9,25,NA,1,69.3,70,75,58,65,0,1,NA,NA,NA,NA,NA,NA,NA,NA,0.69444442,77.930519,NA,NA,NA,NA,NA,NA,NA,NA,NA,NA,NA,27.4,13,NA,0.5777778,3,26002,2174,NA,NA,NA,NA,NA,NA,25,10,NA,NA,NA,NA,26.47,NA,NA,NA,NA,NA,NA,NA,NA,NA,NA,NA,NA,NA,0.86000001,NA,0.1326335895095235,0.5893781290583926,0.7342854507403102,0.904289760419457,0.6879165471898208,3.4409342569115,0.5712737328060961,0.8329339080448638,NA,NA,NA,NA,0.384,0.73906195,0.69804502,0.50724196,0.63623798,100,100,100,0.969905053145523,44.909394625885,NA,NA,306190,4000000,106000000,10.1,19.1707811840654,1.66385178304486,NA,10.2,NA,5.21491003036499,10.9833898544312,NA,NA,NA,NA,NA,NA,3.95700001716614,10.5839996337891,9.40799999237061,11.5459995269775,31.44700050354,16.8850002288818,43.3610000610352,57.9679985046387,73.7070007324219,45.0919990539551,NA,NA,NA,NA,NA,NA,1.95135943681054,3.55494065812743,2.36953617086069,1.32,NA,NA,2.37975462664307,15067.9698510199,26035.8379036022,29.837240945919,110.104690551758,69.5712585449219,107.075820922852,66.5559997558594,0.670146170293168,73.3007,45.0269776589656,77.4512195121951,81.6,73.5,NA,94.9783020019531,92.13037109375,37970087,14.8043985505597,69.00863872065,16.1869627287903,124.008253045495,39.822,60.178,11703,1144,20.7280006408691,NA,NA,16.2033253400207,21.3035204467512,100.472389175509,6.22599983215332,6.15999984741211,6.10599994659424,17.9220008850098,17.5919990539551,17.363000869751,27.4,NA,6.162076473236084,NA
PT,3.4093473005640615,5.182179793158313,4.507857733664185,3.981512605042017,6.448772226926334,4.486963835155593,5.697712418300654,3.5000000000000004,3.2222222222222223,4.130811662726556,5.450236966824645,4.073750991276764,6.038155802861685,4.001609010458568,2.5999999999999996,3.9437299035369775,2.4675632911392404,2.257120253164557,2016,Portugal,513.4869854164,182.56060799806,3.041647051,NA,0.0467573696145123,0.0197805,0.143832,1,3,35.745567,680.04,NA,NA,NA,NA,NA,NA,NA,NA,NA,NA,NA,NA,NA,NA,NA,NA,NA,NA,NA,NA,NA,NA,NA,2.713954611823072,3.430202244724349,0,0,7.4000001,0,0,0,0,46.5,8.3000002,0,0,0.40000001,0,0,0,0,0,0,0,37.400002,4,55.9,0,NA,0,4,1,1,0.46321636,3,32.310001,50.75,0,2,1,NA,2,0.65357888,0,36.860001,NA,NA,NA,NA,NA,2.8,29,2.2,1.8,2.2,2.2,1.3,1.6,2.5,12,1,12,16,11,10,15,1,15,1,17,1,NA,NA,2,0.81400001,NA,NA,NA,NA,NA,NA,NA,3.417507,2,9,25,NA,1,65.1,60,70,43.5,70,0,5,NA,NA,NA,NA,NA,NA,NA,NA,0.75,80.98645,NA,NA,NA,NA,NA,NA,NA,NA,NA,NA,NA,34.8,NA,NA,0.4366667,2,27726,1729,NA,NA,NA,NA,NA,NA,40,10,NA,NA,NA,NA,15.77,NA,NA,NA,NA,NA,NA,NA,NA,NA,NA,NA,NA,NA,0.84500003,NA,0.135666190045815,0.7942699202299242,0.7845288235438456,0.937446615492378,0.7974270268534345,3.651924309817621,0.6159219186656874,0.86695721945532,NA,NA,NA,NA,0,0.92545986,1.210145,0.97405142,1.0972679,100,100,100,1.43069291434451,53.8024711586442,NA,NA,91605,172000000,19000000,8.4,32.5464558260724,5.01385849505552,NA,10.7,NA,12.9569902420044,17.5749206542969,NA,NA,NA,NA,NA,NA,4.77500009536743,6.91300010681152,4.78599977493286,8.93200016021729,24.5,15.1450004577637,33.3800010681152,68.5869979858398,80.0690002441406,57.6879997253418,NA,NA,NA,NA,NA,NA,1.74279569204968,4.59215088136958,2.84164803635016,1.31,NA,NA,1.89699096323224,22444.0710843784,27124.155038865,19.3528492876464,105.246139526367,93.3771667480469,117.502548217773,62.9383087158203,0.635932841791934,70.423567088723,48.7665602704835,81.1268292682927,84.2,78.2,NA,96.287712097168,93.5293579101563,10325452,13.8617403036187,65.0184585311446,21.1198011652367,112.717122427815,35.914,64.086,1129,5,17.7880001068115,NA,NA,22.5309422174341,46.1612917626135,79.1371566790163,11.1719999313354,11.0699996948242,10.9720001220703,28.7399997711182,27.992000579834,27.3169994354248,34.8,NA,5.446637153625488,NA
RU,3.318529130850048,4.5959860383944156,3.7800103039670274,4.1287642782969884,4.68446088794926,4.586225026288117,3.87353391126976,2.7708021923268555,1.6301369863013697,4.393449419568823,5.323961393201847,4.71369466280513,4.427542372881356,4.38012958963283,3.599392361111111,4.270851246775581,3.5457290767903364,2.2225941422594144,2016,Russia,NA,NA,NA,NA,NA,NA,NA,NA,NA,NA,NA,NA,NA,NA,NA,NA,NA,NA,NA,NA,NA,NA,NA,NA,NA,NA,NA,NA,NA,NA,NA,NA,NA,NA,NA,NA,NA,NA,NA,NA,NA,NA,NA,NA,NA,NA,NA,NA,NA,NA,NA,NA,NA,NA,NA,NA,NA,NA,NA,NA,NA,NA,NA,NA,NA,NA,NA,NA,NA,NA,NA,NA,NA,NA,NA,NA,NA,NA,NA,NA,NA,NA,NA,NA,NA,NA,NA,NA,NA,NA,NA,NA,NA,NA,NA,NA,NA,NA,NA,NA,NA,NA,NA,NA,NA,NA,NA,NA,NA,NA,NA,NA,NA,NA,NA,NA,NA,NA,NA,NA,NA,NA,NA,NA,NA,NA,NA,NA,NA,NA,NA,NA,NA,NA,NA,NA,NA,NA,NA,NA,NA,NA,NA,NA,NA,NA,NA,NA,NA,NA,NA,NA,NA,NA,NA,NA,NA,NA,NA,NA,NA,NA,NA,NA,NA,NA,NA,NA,NA,NA,NA,NA,NA,NA,NA,NA,NA,NA,NA,NA,NA,NA,NA,NA,NA,NA,NA,NA,NA,NA,NA,NA,NA,NA,NA,NA,NA,NA,NA,NA,NA,NA,NA,NA,NA,NA,NA,NA,NA,NA,NA,NA,NA,NA,NA,NA,NA,NA,NA,NA,NA,NA,NA,NA,NA,NA,NA,NA,NA,NA,NA,NA,NA,NA,NA,NA,NA,NA,NA,NA,NA,NA,NA,NA,NA,NA,NA,NA,NA,NA,NA,NA,NA,NA,NA,NA,NA,NA,NA,NA,NA,NA,NA,NA,NA,NA,NA,NA,NA,NA,NA,NA,NA,NA,NA,NA,NA,NA,NA,NA,NA,NA,NA,NA,NA,NA,NA
SE,2.5226824457593686,7.10718954248366,4.389550264550264,4.754467240238252,6.20794701986755,4.998015873015873,6.499013806706114,2.8447043534762835,3.4285714285714284,6.216968911917099,6.742857142857142,6.137685843568196,6.705119896305899,6.221198156682027,4.780632411067193,5.948433420365536,4.7256694970607445,2.2286087524493796,2016,Sweden,796.85494924836,203.63048649241,5.652702224,NA,0.059993649765273,0.196756,0.2341923,1,2,14.792688,548.64,NA,NA,NA,NA,NA,NA,NA,NA,NA,NA,NA,NA,NA,NA,NA,NA,NA,NA,NA,NA,NA,NA,NA,4.988974366649704,5.412602704136312,6.3000002,0,0,24.1,0,0,7.1999998,5.4000001,6,0,0,0,0,0,0,0,14,0,4.5999999,32.400002,5,85.8,0,NA,0,4,1,0,0.30632886,3,31.01,37.900002,0,2,1,0,2,0.80285442,4,23.33,NA,NA,NA,NA,NA,1.1,22.1,1.5,1.1,1.1,5.3,2.1,1,1.8,12,1,12,16,12,10,16,1,16,1,11,1,NA,NA,1,0.90100002,NA,NA,NA,NA,NA,NA,NA,5.391562,2,9,27,NA,1,72,80,85,53.5,90,0,5,NA,NA,NA,NA,NA,NA,NA,NA,0.97222221,82.047882,NA,NA,NA,NA,NA,NA,NA,NA,NA,NA,NA,43.6,NA,NA,0.6888889,5,44371,3438,NA,NA,NA,NA,NA,NA,99,10,NA,NA,NA,NA,8.27,NA,NA,NA,NA,NA,NA,NA,NA,NA,NA,NA,NA,NA,0.93199998,NA,0.0102210391888178,0.8688610326890185,0.8198429454381095,0.951845821551514,0.8687407139838174,3.869730431966081,0.6440496505137705,0.9052358528253339,NA,NA,NA,NA,3.756,2.1917665,1.7739791,1.0179409,2.0190711,100,100,100,0.582429170035573,59.320481409291,NA,NA,407310,267000000,77000000,11.8,37.4053942182456,8.09180473160021,NA,9.2,NA,NA,NA,NA,NA,NA,NA,NA,NA,3.6470000743866,1.8860000371933,1.00499999523163,2.6949999332428,18.2000007629395,6.9520001411438,28.5219993591309,79.9140014648438,92.0429992675781,68.7829971313477,NA,NA,NA,NA,NA,NA,1.05542915700516,1.57608494145905,0.349489946301782,1.85,NA,NA,1.14851927510022,56473.022779491,46568.1771455909,21.6970479036288,NA,NA,NA,NA,1.07776286849882,89.6509476102355,47.650503605818,82.2048780487805,84.1,80.4,NA,NA,NA,9923085,17.3995960166029,62.766569626755,19.8338343566421,24.3624880312293,13.148,86.852,230103,8,10.0129995346069,NA,NA,27.6546142142144,31.5557264204349,83.7076218181884,6.58699989318848,6.98999977111816,7.35699987411499,17.1089992523193,18.7450008392334,20.318000793457,43.6,NA,7.368744373321533,NA
SI,3.3621236133122023,5.7915057915057915,3.448139350752177,3.5848460931333865,5.773988897700238,4.177041228779304,5.362284820031299,3.18062015503876,2.909090909090909,4.399539877300613,5.008481110254434,5.154496541122215,6.024710424710425,3.632941176470588,2.470817120622568,3.3294392523364484,2.43522110162917,1.808166409861325,2016,Slovenia,865.96262057888,126.87093737931,2.557771186,NA,0.2216480000000001,0.2201092,0.2867554,1,4,40.213879,601.76,NA,NA,NA,NA,NA,NA,NA,NA,NA,NA,NA,NA,NA,NA,NA,NA,NA,NA,NA,NA,NA,NA,NA,4.155239757333998,5.334613640607081,0,0,0,0,0,0,0,44.400002,6.6999998,0,0,2.2,0,0,11.1,0,0,0,5.5999999,30,3,51.7,0,NA,0,5,0,1,0.47963801,0,34.490002,50.640003,0,NA,1,NA,2,0.76754057,4,20.709999,NA,NA,NA,NA,NA,2.3,32.4,3.1,1.5,1.5,4,1.6,2.7,3.4,12,1,12,14,11,10,13,1,14,1,23,1,NA,NA,1,0.87800002,NA,NA,NA,NA,NA,NA,NA,5.258011,2,9,18,NA,1,60.6,50,70,55.4,60,0,1,NA,NA,NA,NA,NA,NA,NA,NA,0.72569442,80.838165,NA,NA,NA,NA,NA,NA,NA,NA,NA,NA,NA,36.7,7.5,NA,NA,NA,28761,NA,NA,NA,NA,NA,NA,NA,25,10,NA,NA,NA,NA,21.7,NA,NA,NA,NA,NA,NA,NA,NA,NA,NA,NA,NA,NA,0.89399999,NA,0.259876399723017,0.7877309231180415,0.7752819190377385,0.944935724851826,0.7989123747172655,3.24100963805409,0.6856023187115841,0.862658989200833,NA,NA,NA,NA,0,0.82294321,1.1277026,0.99043602,1.082698,100,100,100,1.32402503610977,49.997784581413,NA,NA,20140,0,NA,9.9,28.3613637479294,3.13175691635687,NA,9.5,NA,NA,NA,NA,NA,NA,NA,NA,NA,3.67700004577637,5.02400016784668,4.16699981689453,5.76200008392334,33.1730003356934,19.1630001068115,45.234001159668,61.8030014038086,76.6699981689453,49.0029983520508,NA,NA,NA,NA,NA,NA,1.00491007972836,3.26924855599998,1.06232629030925,1.57,NA,NA,1.8813570599483,24460.3979007776,29930.037038675,27.9828388061276,NA,NA,NA,NA,0.481639841093531,75.4985042610791,46.555729417429,80.7756097560976,83.9,77.8,NA,NA,NA,2065042,14.8206666275239,66.6676612787567,18.5116720937194,102.534359483615,45.98,54.02,439,15,14.2229995727539,NA,NA,18.5550134505559,35.0690276832629,146.152219504331,8.58800029754639,8,7.48799991607666,14.7600002288818,15.2580003738403,15.6400003433228,36.7,NA,5.936821460723877,NA
